StartDate,EndDate,Status,IPAddress,Progress,Duration (in seconds),Finished,RecordedDate,ResponseId,RecipientLastName,RecipientFirstName,RecipientEmail,ExternalReference,LocationLatitude,LocationLongitude,DistributionChannel,UserLanguage,dem_ID,Nonsocial_Activites_1,Nonsocial_Activites_26,Nonsocial_Activites_27,Nonsocial_Activites_28,Nonsocial_Activites_29,Nonsocial_Activites_30,Nonsocial_Activites_31,Nonsocial_Activites_32,Nonsocial_Activites_33,Nonsocial_Activites_34,spendtime_family_5,spendtime_friends_5,spendtime_newppl_5,spendtime_sigother_5,spendtime_self_5,Social_Activities_1,Social_Activities_26,Social_Activities_27,Social_Activities_28,Social_Activities_29,Social_Activities_30,Social_Activities_31,Social_Activities_32,Social_Activities_33,Social_Activities_34,nonsoc_exp_list,social_exp_list,ID,Nonsocial_Count,Nonsocial_Needed,Nosocial_Field,Social_Count,Social_Needed,Social_Field
Start Date,End Date,Response Type,IP Address,Progress,Duration (in seconds),Finished,Recorded Date,Response ID,Recipient Last Name,Recipient First Name,Recipient Email,External Data Reference,Location Latitude,Location Longitude,Distribution Channel,User Language,ID:,"On your best day, what are some of your favorite things to do alone?
What is your ideal setting or environment to do this activity? Be as specific as possible.
( i.e. in my bedroom on a rainy day with candles lit, on the beach in 95 degree weather, on the Tuesday morning train to work/school, etc). Think of things you like to do by yourself regularly, or activities that are more irregular that you look forward to. 


Just make sure these are activities that you do by yourself, with no other people present or involved. 

Your responses should not include profanity, inappropriate language, illegal activities, etc.

Here are some examples:
1. On my free time, I enjoy painting watercolor portraits of my cats at Central Park
2. Playing Paul Simon songs on the ukulele is one of my all-time favorite past-times. 
3. I enjoy watching movies in my room on a rainy day, bonus points if it's a Studio Ghibli film.  My Neighbor Totoro is my all-time favorite movie
4. I am passionate about fitness and look forward to the gym everyday to work on strength training 
5. I love learning and researching online about infrastructure; i really enjoyed a book recently on the Golden Gate bridge, my new favorite bridge
6.  I love to go on Target runs every other weekend to browse the produce and home goods sections
7. Putting outfits together and making low-effort fashion TikToks in my bedroom brings me joy
8. On a weekly basis, I love collecting rocks on Long Beach and posting about my findings on Instagram
9. When my roommates aren't home, I love to jam out on my piano and practice my scales.
10. I like to redecorate my room every month with my favorite music playing


Please enter 10 activities in the fields below. - Activity 1:","On your best day, what are some of your favorite things to do alone?
What is your ideal setting or environment to do this activity? Be as specific as possible.
( i.e. in my bedroom on a rainy day with candles lit, on the beach in 95 degree weather, on the Tuesday morning train to work/school, etc). Think of things you like to do by yourself regularly, or activities that are more irregular that you look forward to. 


Just make sure these are activities that you do by yourself, with no other people present or involved. 

Your responses should not include profanity, inappropriate language, illegal activities, etc.

Here are some examples:
1. On my free time, I enjoy painting watercolor portraits of my cats at Central Park
2. Playing Paul Simon songs on the ukulele is one of my all-time favorite past-times. 
3. I enjoy watching movies in my room on a rainy day, bonus points if it's a Studio Ghibli film.  My Neighbor Totoro is my all-time favorite movie
4. I am passionate about fitness and look forward to the gym everyday to work on strength training 
5. I love learning and researching online about infrastructure; i really enjoyed a book recently on the Golden Gate bridge, my new favorite bridge
6.  I love to go on Target runs every other weekend to browse the produce and home goods sections
7. Putting outfits together and making low-effort fashion TikToks in my bedroom brings me joy
8. On a weekly basis, I love collecting rocks on Long Beach and posting about my findings on Instagram
9. When my roommates aren't home, I love to jam out on my piano and practice my scales.
10. I like to redecorate my room every month with my favorite music playing


Please enter 10 activities in the fields below. - Activity 2:","On your best day, what are some of your favorite things to do alone?
What is your ideal setting or environment to do this activity? Be as specific as possible.
( i.e. in my bedroom on a rainy day with candles lit, on the beach in 95 degree weather, on the Tuesday morning train to work/school, etc). Think of things you like to do by yourself regularly, or activities that are more irregular that you look forward to. 


Just make sure these are activities that you do by yourself, with no other people present or involved. 

Your responses should not include profanity, inappropriate language, illegal activities, etc.

Here are some examples:
1. On my free time, I enjoy painting watercolor portraits of my cats at Central Park
2. Playing Paul Simon songs on the ukulele is one of my all-time favorite past-times. 
3. I enjoy watching movies in my room on a rainy day, bonus points if it's a Studio Ghibli film.  My Neighbor Totoro is my all-time favorite movie
4. I am passionate about fitness and look forward to the gym everyday to work on strength training 
5. I love learning and researching online about infrastructure; i really enjoyed a book recently on the Golden Gate bridge, my new favorite bridge
6.  I love to go on Target runs every other weekend to browse the produce and home goods sections
7. Putting outfits together and making low-effort fashion TikToks in my bedroom brings me joy
8. On a weekly basis, I love collecting rocks on Long Beach and posting about my findings on Instagram
9. When my roommates aren't home, I love to jam out on my piano and practice my scales.
10. I like to redecorate my room every month with my favorite music playing


Please enter 10 activities in the fields below. - Activity 3:","On your best day, what are some of your favorite things to do alone?
What is your ideal setting or environment to do this activity? Be as specific as possible.
( i.e. in my bedroom on a rainy day with candles lit, on the beach in 95 degree weather, on the Tuesday morning train to work/school, etc). Think of things you like to do by yourself regularly, or activities that are more irregular that you look forward to. 


Just make sure these are activities that you do by yourself, with no other people present or involved. 

Your responses should not include profanity, inappropriate language, illegal activities, etc.

Here are some examples:
1. On my free time, I enjoy painting watercolor portraits of my cats at Central Park
2. Playing Paul Simon songs on the ukulele is one of my all-time favorite past-times. 
3. I enjoy watching movies in my room on a rainy day, bonus points if it's a Studio Ghibli film.  My Neighbor Totoro is my all-time favorite movie
4. I am passionate about fitness and look forward to the gym everyday to work on strength training 
5. I love learning and researching online about infrastructure; i really enjoyed a book recently on the Golden Gate bridge, my new favorite bridge
6.  I love to go on Target runs every other weekend to browse the produce and home goods sections
7. Putting outfits together and making low-effort fashion TikToks in my bedroom brings me joy
8. On a weekly basis, I love collecting rocks on Long Beach and posting about my findings on Instagram
9. When my roommates aren't home, I love to jam out on my piano and practice my scales.
10. I like to redecorate my room every month with my favorite music playing


Please enter 10 activities in the fields below. - Activity 4:","On your best day, what are some of your favorite things to do alone?
What is your ideal setting or environment to do this activity? Be as specific as possible.
( i.e. in my bedroom on a rainy day with candles lit, on the beach in 95 degree weather, on the Tuesday morning train to work/school, etc). Think of things you like to do by yourself regularly, or activities that are more irregular that you look forward to. 


Just make sure these are activities that you do by yourself, with no other people present or involved. 

Your responses should not include profanity, inappropriate language, illegal activities, etc.

Here are some examples:
1. On my free time, I enjoy painting watercolor portraits of my cats at Central Park
2. Playing Paul Simon songs on the ukulele is one of my all-time favorite past-times. 
3. I enjoy watching movies in my room on a rainy day, bonus points if it's a Studio Ghibli film.  My Neighbor Totoro is my all-time favorite movie
4. I am passionate about fitness and look forward to the gym everyday to work on strength training 
5. I love learning and researching online about infrastructure; i really enjoyed a book recently on the Golden Gate bridge, my new favorite bridge
6.  I love to go on Target runs every other weekend to browse the produce and home goods sections
7. Putting outfits together and making low-effort fashion TikToks in my bedroom brings me joy
8. On a weekly basis, I love collecting rocks on Long Beach and posting about my findings on Instagram
9. When my roommates aren't home, I love to jam out on my piano and practice my scales.
10. I like to redecorate my room every month with my favorite music playing


Please enter 10 activities in the fields below. - Activity 5:","On your best day, what are some of your favorite things to do alone?
What is your ideal setting or environment to do this activity? Be as specific as possible.
( i.e. in my bedroom on a rainy day with candles lit, on the beach in 95 degree weather, on the Tuesday morning train to work/school, etc). Think of things you like to do by yourself regularly, or activities that are more irregular that you look forward to. 


Just make sure these are activities that you do by yourself, with no other people present or involved. 

Your responses should not include profanity, inappropriate language, illegal activities, etc.

Here are some examples:
1. On my free time, I enjoy painting watercolor portraits of my cats at Central Park
2. Playing Paul Simon songs on the ukulele is one of my all-time favorite past-times. 
3. I enjoy watching movies in my room on a rainy day, bonus points if it's a Studio Ghibli film.  My Neighbor Totoro is my all-time favorite movie
4. I am passionate about fitness and look forward to the gym everyday to work on strength training 
5. I love learning and researching online about infrastructure; i really enjoyed a book recently on the Golden Gate bridge, my new favorite bridge
6.  I love to go on Target runs every other weekend to browse the produce and home goods sections
7. Putting outfits together and making low-effort fashion TikToks in my bedroom brings me joy
8. On a weekly basis, I love collecting rocks on Long Beach and posting about my findings on Instagram
9. When my roommates aren't home, I love to jam out on my piano and practice my scales.
10. I like to redecorate my room every month with my favorite music playing


Please enter 10 activities in the fields below. - Activity 6:","On your best day, what are some of your favorite things to do alone?
What is your ideal setting or environment to do this activity? Be as specific as possible.
( i.e. in my bedroom on a rainy day with candles lit, on the beach in 95 degree weather, on the Tuesday morning train to work/school, etc). Think of things you like to do by yourself regularly, or activities that are more irregular that you look forward to. 


Just make sure these are activities that you do by yourself, with no other people present or involved. 

Your responses should not include profanity, inappropriate language, illegal activities, etc.

Here are some examples:
1. On my free time, I enjoy painting watercolor portraits of my cats at Central Park
2. Playing Paul Simon songs on the ukulele is one of my all-time favorite past-times. 
3. I enjoy watching movies in my room on a rainy day, bonus points if it's a Studio Ghibli film.  My Neighbor Totoro is my all-time favorite movie
4. I am passionate about fitness and look forward to the gym everyday to work on strength training 
5. I love learning and researching online about infrastructure; i really enjoyed a book recently on the Golden Gate bridge, my new favorite bridge
6.  I love to go on Target runs every other weekend to browse the produce and home goods sections
7. Putting outfits together and making low-effort fashion TikToks in my bedroom brings me joy
8. On a weekly basis, I love collecting rocks on Long Beach and posting about my findings on Instagram
9. When my roommates aren't home, I love to jam out on my piano and practice my scales.
10. I like to redecorate my room every month with my favorite music playing


Please enter 10 activities in the fields below. - Activity 7:","On your best day, what are some of your favorite things to do alone?
What is your ideal setting or environment to do this activity? Be as specific as possible.
( i.e. in my bedroom on a rainy day with candles lit, on the beach in 95 degree weather, on the Tuesday morning train to work/school, etc). Think of things you like to do by yourself regularly, or activities that are more irregular that you look forward to. 


Just make sure these are activities that you do by yourself, with no other people present or involved. 

Your responses should not include profanity, inappropriate language, illegal activities, etc.

Here are some examples:
1. On my free time, I enjoy painting watercolor portraits of my cats at Central Park
2. Playing Paul Simon songs on the ukulele is one of my all-time favorite past-times. 
3. I enjoy watching movies in my room on a rainy day, bonus points if it's a Studio Ghibli film.  My Neighbor Totoro is my all-time favorite movie
4. I am passionate about fitness and look forward to the gym everyday to work on strength training 
5. I love learning and researching online about infrastructure; i really enjoyed a book recently on the Golden Gate bridge, my new favorite bridge
6.  I love to go on Target runs every other weekend to browse the produce and home goods sections
7. Putting outfits together and making low-effort fashion TikToks in my bedroom brings me joy
8. On a weekly basis, I love collecting rocks on Long Beach and posting about my findings on Instagram
9. When my roommates aren't home, I love to jam out on my piano and practice my scales.
10. I like to redecorate my room every month with my favorite music playing


Please enter 10 activities in the fields below. - Activity 8:","On your best day, what are some of your favorite things to do alone?
What is your ideal setting or environment to do this activity? Be as specific as possible.
( i.e. in my bedroom on a rainy day with candles lit, on the beach in 95 degree weather, on the Tuesday morning train to work/school, etc). Think of things you like to do by yourself regularly, or activities that are more irregular that you look forward to. 


Just make sure these are activities that you do by yourself, with no other people present or involved. 

Your responses should not include profanity, inappropriate language, illegal activities, etc.

Here are some examples:
1. On my free time, I enjoy painting watercolor portraits of my cats at Central Park
2. Playing Paul Simon songs on the ukulele is one of my all-time favorite past-times. 
3. I enjoy watching movies in my room on a rainy day, bonus points if it's a Studio Ghibli film.  My Neighbor Totoro is my all-time favorite movie
4. I am passionate about fitness and look forward to the gym everyday to work on strength training 
5. I love learning and researching online about infrastructure; i really enjoyed a book recently on the Golden Gate bridge, my new favorite bridge
6.  I love to go on Target runs every other weekend to browse the produce and home goods sections
7. Putting outfits together and making low-effort fashion TikToks in my bedroom brings me joy
8. On a weekly basis, I love collecting rocks on Long Beach and posting about my findings on Instagram
9. When my roommates aren't home, I love to jam out on my piano and practice my scales.
10. I like to redecorate my room every month with my favorite music playing


Please enter 10 activities in the fields below. - Activity 9:","On your best day, what are some of your favorite things to do alone?
What is your ideal setting or environment to do this activity? Be as specific as possible.
( i.e. in my bedroom on a rainy day with candles lit, on the beach in 95 degree weather, on the Tuesday morning train to work/school, etc). Think of things you like to do by yourself regularly, or activities that are more irregular that you look forward to. 


Just make sure these are activities that you do by yourself, with no other people present or involved. 

Your responses should not include profanity, inappropriate language, illegal activities, etc.

Here are some examples:
1. On my free time, I enjoy painting watercolor portraits of my cats at Central Park
2. Playing Paul Simon songs on the ukulele is one of my all-time favorite past-times. 
3. I enjoy watching movies in my room on a rainy day, bonus points if it's a Studio Ghibli film.  My Neighbor Totoro is my all-time favorite movie
4. I am passionate about fitness and look forward to the gym everyday to work on strength training 
5. I love learning and researching online about infrastructure; i really enjoyed a book recently on the Golden Gate bridge, my new favorite bridge
6.  I love to go on Target runs every other weekend to browse the produce and home goods sections
7. Putting outfits together and making low-effort fashion TikToks in my bedroom brings me joy
8. On a weekly basis, I love collecting rocks on Long Beach and posting about my findings on Instagram
9. When my roommates aren't home, I love to jam out on my piano and practice my scales.
10. I like to redecorate my room every month with my favorite music playing


Please enter 10 activities in the fields below. - Activity 10:","Given the choice to spend time with anyone, how likely would you be to spend time with family? - Please indicate your response on the scale.","Given the choice to spend time with anyone, how likely would you be to spend time with friends? - Please indicate your response on the scale.","Given the choice to spend time with anyone, how likely would you be to spend time meeting new people? - Please indicate your response on the scale.","Given the choice to spend time with anyone, how likely would you be to spend time with a significant other? - Please indicate your response on the scale.","Given the choice to spend time with anyone, how likely would you be to spend time by yourself? - Please indicate your response on the scale.","On your best day, what are some of your favorite things to do with other people?


 This should include people who you enjoy spending time with, which can include family, friends, significant others, classmates, co-workers, and the like.

What is your ideal setting or environment to do this activity? Who are these people? 


Be as specific as possible and try not to only include one type of relationship if you can. ( i.e. on a rainy autumn day with friends, on the beach in 95 degree weather with family, with my study group during our Wednesday evening Statistics class, etc).

 This can be an activity you enjoy doing with other people on either a regular or irregular basis. 

Please be as specific as possible when describing these activities and what makes them fun for you.



Your responses should not include profanity, inappropriate language, illegal activities, etc.


 Here are some examples:

 1. My friends and I love watching bad reality TV on Sunday nights with a bottle of wine

2. I enjoy getting Starbucks and going thrift shopping with my best friend on Saturday afternoons

3. My co-workers and I always look forward to our monthly bowling outings, where the winner gets a free meal
4. My brothers and I love to organize a soccer match together when we're home for the weekend

5. My favorite thing to do on Friday nights is to go to the city with my partner to try out a new restaurant

6. Going to the bar with my classmates after a good Sunday evening study session is something I very much look forward to

7. My band and I love to jam out on Saturday nights after a long work week

8. I love playing online video games with my two childhood friends on Tuesday nights

9. My family and I love to watch football together when it is in season.

10. My cousin and I love to go on mini road trips to Philadelphia whenever we can.



Please enter 10 activities in the fields below. - Activity 1:","On your best day, what are some of your favorite things to do with other people?


 This should include people who you enjoy spending time with, which can include family, friends, significant others, classmates, co-workers, and the like.

What is your ideal setting or environment to do this activity? Who are these people? 


Be as specific as possible and try not to only include one type of relationship if you can. ( i.e. on a rainy autumn day with friends, on the beach in 95 degree weather with family, with my study group during our Wednesday evening Statistics class, etc).

 This can be an activity you enjoy doing with other people on either a regular or irregular basis. 

Please be as specific as possible when describing these activities and what makes them fun for you.



Your responses should not include profanity, inappropriate language, illegal activities, etc.


 Here are some examples:

 1. My friends and I love watching bad reality TV on Sunday nights with a bottle of wine

2. I enjoy getting Starbucks and going thrift shopping with my best friend on Saturday afternoons

3. My co-workers and I always look forward to our monthly bowling outings, where the winner gets a free meal
4. My brothers and I love to organize a soccer match together when we're home for the weekend

5. My favorite thing to do on Friday nights is to go to the city with my partner to try out a new restaurant

6. Going to the bar with my classmates after a good Sunday evening study session is something I very much look forward to

7. My band and I love to jam out on Saturday nights after a long work week

8. I love playing online video games with my two childhood friends on Tuesday nights

9. My family and I love to watch football together when it is in season.

10. My cousin and I love to go on mini road trips to Philadelphia whenever we can.



Please enter 10 activities in the fields below. - Activity 2:","On your best day, what are some of your favorite things to do with other people?


 This should include people who you enjoy spending time with, which can include family, friends, significant others, classmates, co-workers, and the like.

What is your ideal setting or environment to do this activity? Who are these people? 


Be as specific as possible and try not to only include one type of relationship if you can. ( i.e. on a rainy autumn day with friends, on the beach in 95 degree weather with family, with my study group during our Wednesday evening Statistics class, etc).

 This can be an activity you enjoy doing with other people on either a regular or irregular basis. 

Please be as specific as possible when describing these activities and what makes them fun for you.



Your responses should not include profanity, inappropriate language, illegal activities, etc.


 Here are some examples:

 1. My friends and I love watching bad reality TV on Sunday nights with a bottle of wine

2. I enjoy getting Starbucks and going thrift shopping with my best friend on Saturday afternoons

3. My co-workers and I always look forward to our monthly bowling outings, where the winner gets a free meal
4. My brothers and I love to organize a soccer match together when we're home for the weekend

5. My favorite thing to do on Friday nights is to go to the city with my partner to try out a new restaurant

6. Going to the bar with my classmates after a good Sunday evening study session is something I very much look forward to

7. My band and I love to jam out on Saturday nights after a long work week

8. I love playing online video games with my two childhood friends on Tuesday nights

9. My family and I love to watch football together when it is in season.

10. My cousin and I love to go on mini road trips to Philadelphia whenever we can.



Please enter 10 activities in the fields below. - Activity 3:","On your best day, what are some of your favorite things to do with other people?


 This should include people who you enjoy spending time with, which can include family, friends, significant others, classmates, co-workers, and the like.

What is your ideal setting or environment to do this activity? Who are these people? 


Be as specific as possible and try not to only include one type of relationship if you can. ( i.e. on a rainy autumn day with friends, on the beach in 95 degree weather with family, with my study group during our Wednesday evening Statistics class, etc).

 This can be an activity you enjoy doing with other people on either a regular or irregular basis. 

Please be as specific as possible when describing these activities and what makes them fun for you.



Your responses should not include profanity, inappropriate language, illegal activities, etc.


 Here are some examples:

 1. My friends and I love watching bad reality TV on Sunday nights with a bottle of wine

2. I enjoy getting Starbucks and going thrift shopping with my best friend on Saturday afternoons

3. My co-workers and I always look forward to our monthly bowling outings, where the winner gets a free meal
4. My brothers and I love to organize a soccer match together when we're home for the weekend

5. My favorite thing to do on Friday nights is to go to the city with my partner to try out a new restaurant

6. Going to the bar with my classmates after a good Sunday evening study session is something I very much look forward to

7. My band and I love to jam out on Saturday nights after a long work week

8. I love playing online video games with my two childhood friends on Tuesday nights

9. My family and I love to watch football together when it is in season.

10. My cousin and I love to go on mini road trips to Philadelphia whenever we can.



Please enter 10 activities in the fields below. - Activity 4:","On your best day, what are some of your favorite things to do with other people?


 This should include people who you enjoy spending time with, which can include family, friends, significant others, classmates, co-workers, and the like.

What is your ideal setting or environment to do this activity? Who are these people? 


Be as specific as possible and try not to only include one type of relationship if you can. ( i.e. on a rainy autumn day with friends, on the beach in 95 degree weather with family, with my study group during our Wednesday evening Statistics class, etc).

 This can be an activity you enjoy doing with other people on either a regular or irregular basis. 

Please be as specific as possible when describing these activities and what makes them fun for you.



Your responses should not include profanity, inappropriate language, illegal activities, etc.


 Here are some examples:

 1. My friends and I love watching bad reality TV on Sunday nights with a bottle of wine

2. I enjoy getting Starbucks and going thrift shopping with my best friend on Saturday afternoons

3. My co-workers and I always look forward to our monthly bowling outings, where the winner gets a free meal
4. My brothers and I love to organize a soccer match together when we're home for the weekend

5. My favorite thing to do on Friday nights is to go to the city with my partner to try out a new restaurant

6. Going to the bar with my classmates after a good Sunday evening study session is something I very much look forward to

7. My band and I love to jam out on Saturday nights after a long work week

8. I love playing online video games with my two childhood friends on Tuesday nights

9. My family and I love to watch football together when it is in season.

10. My cousin and I love to go on mini road trips to Philadelphia whenever we can.



Please enter 10 activities in the fields below. - Activity 5:","On your best day, what are some of your favorite things to do with other people?


 This should include people who you enjoy spending time with, which can include family, friends, significant others, classmates, co-workers, and the like.

What is your ideal setting or environment to do this activity? Who are these people? 


Be as specific as possible and try not to only include one type of relationship if you can. ( i.e. on a rainy autumn day with friends, on the beach in 95 degree weather with family, with my study group during our Wednesday evening Statistics class, etc).

 This can be an activity you enjoy doing with other people on either a regular or irregular basis. 

Please be as specific as possible when describing these activities and what makes them fun for you.



Your responses should not include profanity, inappropriate language, illegal activities, etc.


 Here are some examples:

 1. My friends and I love watching bad reality TV on Sunday nights with a bottle of wine

2. I enjoy getting Starbucks and going thrift shopping with my best friend on Saturday afternoons

3. My co-workers and I always look forward to our monthly bowling outings, where the winner gets a free meal
4. My brothers and I love to organize a soccer match together when we're home for the weekend

5. My favorite thing to do on Friday nights is to go to the city with my partner to try out a new restaurant

6. Going to the bar with my classmates after a good Sunday evening study session is something I very much look forward to

7. My band and I love to jam out on Saturday nights after a long work week

8. I love playing online video games with my two childhood friends on Tuesday nights

9. My family and I love to watch football together when it is in season.

10. My cousin and I love to go on mini road trips to Philadelphia whenever we can.



Please enter 10 activities in the fields below. - Activity 6:","On your best day, what are some of your favorite things to do with other people?


 This should include people who you enjoy spending time with, which can include family, friends, significant others, classmates, co-workers, and the like.

What is your ideal setting or environment to do this activity? Who are these people? 


Be as specific as possible and try not to only include one type of relationship if you can. ( i.e. on a rainy autumn day with friends, on the beach in 95 degree weather with family, with my study group during our Wednesday evening Statistics class, etc).

 This can be an activity you enjoy doing with other people on either a regular or irregular basis. 

Please be as specific as possible when describing these activities and what makes them fun for you.



Your responses should not include profanity, inappropriate language, illegal activities, etc.


 Here are some examples:

 1. My friends and I love watching bad reality TV on Sunday nights with a bottle of wine

2. I enjoy getting Starbucks and going thrift shopping with my best friend on Saturday afternoons

3. My co-workers and I always look forward to our monthly bowling outings, where the winner gets a free meal
4. My brothers and I love to organize a soccer match together when we're home for the weekend

5. My favorite thing to do on Friday nights is to go to the city with my partner to try out a new restaurant

6. Going to the bar with my classmates after a good Sunday evening study session is something I very much look forward to

7. My band and I love to jam out on Saturday nights after a long work week

8. I love playing online video games with my two childhood friends on Tuesday nights

9. My family and I love to watch football together when it is in season.

10. My cousin and I love to go on mini road trips to Philadelphia whenever we can.



Please enter 10 activities in the fields below. - Activity 7:","On your best day, what are some of your favorite things to do with other people?


 This should include people who you enjoy spending time with, which can include family, friends, significant others, classmates, co-workers, and the like.

What is your ideal setting or environment to do this activity? Who are these people? 


Be as specific as possible and try not to only include one type of relationship if you can. ( i.e. on a rainy autumn day with friends, on the beach in 95 degree weather with family, with my study group during our Wednesday evening Statistics class, etc).

 This can be an activity you enjoy doing with other people on either a regular or irregular basis. 

Please be as specific as possible when describing these activities and what makes them fun for you.



Your responses should not include profanity, inappropriate language, illegal activities, etc.


 Here are some examples:

 1. My friends and I love watching bad reality TV on Sunday nights with a bottle of wine

2. I enjoy getting Starbucks and going thrift shopping with my best friend on Saturday afternoons

3. My co-workers and I always look forward to our monthly bowling outings, where the winner gets a free meal
4. My brothers and I love to organize a soccer match together when we're home for the weekend

5. My favorite thing to do on Friday nights is to go to the city with my partner to try out a new restaurant

6. Going to the bar with my classmates after a good Sunday evening study session is something I very much look forward to

7. My band and I love to jam out on Saturday nights after a long work week

8. I love playing online video games with my two childhood friends on Tuesday nights

9. My family and I love to watch football together when it is in season.

10. My cousin and I love to go on mini road trips to Philadelphia whenever we can.



Please enter 10 activities in the fields below. - Activity 8:","On your best day, what are some of your favorite things to do with other people?


 This should include people who you enjoy spending time with, which can include family, friends, significant others, classmates, co-workers, and the like.

What is your ideal setting or environment to do this activity? Who are these people? 


Be as specific as possible and try not to only include one type of relationship if you can. ( i.e. on a rainy autumn day with friends, on the beach in 95 degree weather with family, with my study group during our Wednesday evening Statistics class, etc).

 This can be an activity you enjoy doing with other people on either a regular or irregular basis. 

Please be as specific as possible when describing these activities and what makes them fun for you.



Your responses should not include profanity, inappropriate language, illegal activities, etc.


 Here are some examples:

 1. My friends and I love watching bad reality TV on Sunday nights with a bottle of wine

2. I enjoy getting Starbucks and going thrift shopping with my best friend on Saturday afternoons

3. My co-workers and I always look forward to our monthly bowling outings, where the winner gets a free meal
4. My brothers and I love to organize a soccer match together when we're home for the weekend

5. My favorite thing to do on Friday nights is to go to the city with my partner to try out a new restaurant

6. Going to the bar with my classmates after a good Sunday evening study session is something I very much look forward to

7. My band and I love to jam out on Saturday nights after a long work week

8. I love playing online video games with my two childhood friends on Tuesday nights

9. My family and I love to watch football together when it is in season.

10. My cousin and I love to go on mini road trips to Philadelphia whenever we can.



Please enter 10 activities in the fields below. - Activity 9:","On your best day, what are some of your favorite things to do with other people?


 This should include people who you enjoy spending time with, which can include family, friends, significant others, classmates, co-workers, and the like.

What is your ideal setting or environment to do this activity? Who are these people? 


Be as specific as possible and try not to only include one type of relationship if you can. ( i.e. on a rainy autumn day with friends, on the beach in 95 degree weather with family, with my study group during our Wednesday evening Statistics class, etc).

 This can be an activity you enjoy doing with other people on either a regular or irregular basis. 

Please be as specific as possible when describing these activities and what makes them fun for you.



Your responses should not include profanity, inappropriate language, illegal activities, etc.


 Here are some examples:

 1. My friends and I love watching bad reality TV on Sunday nights with a bottle of wine

2. I enjoy getting Starbucks and going thrift shopping with my best friend on Saturday afternoons

3. My co-workers and I always look forward to our monthly bowling outings, where the winner gets a free meal
4. My brothers and I love to organize a soccer match together when we're home for the weekend

5. My favorite thing to do on Friday nights is to go to the city with my partner to try out a new restaurant

6. Going to the bar with my classmates after a good Sunday evening study session is something I very much look forward to

7. My band and I love to jam out on Saturday nights after a long work week

8. I love playing online video games with my two childhood friends on Tuesday nights

9. My family and I love to watch football together when it is in season.

10. My cousin and I love to go on mini road trips to Philadelphia whenever we can.



Please enter 10 activities in the fields below. - Activity 10:","Below are a list of experiences people may choose to do by themselves. 
Out of this list, please select the [Field-Nonsocial_Needed] experiences you would be more likely to engage in by yourself.
You are only allowed to choose [Field-Nonsocial_Needed].","Below are a list of experiences people may choose to do with other people. 
Out of this list, please select the [Field-Social_Needed] experiences you would be more likely to engage in with others. 
You are only allowed to choose  [Field-Social_Needed].",ID,Nonsocial_Count,Nonsocial_Needed,Nosocial_Field,Social_Count,Social_Needed,Social_Field
"{""ImportId"":""startDate"",""timeZone"":""America/Denver""}","{""ImportId"":""endDate"",""timeZone"":""America/Denver""}","{""ImportId"":""status""}","{""ImportId"":""ipAddress""}","{""ImportId"":""progress""}","{""ImportId"":""duration""}","{""ImportId"":""finished""}","{""ImportId"":""recordedDate"",""timeZone"":""America/Denver""}","{""ImportId"":""_recordId""}","{""ImportId"":""recipientLastName""}","{""ImportId"":""recipientFirstName""}","{""ImportId"":""recipientEmail""}","{""ImportId"":""externalDataReference""}","{""ImportId"":""locationLatitude""}","{""ImportId"":""locationLongitude""}","{""ImportId"":""distributionChannel""}","{""ImportId"":""userLanguage""}","{""ImportId"":""QID24_TEXT""}","{""ImportId"":""QID1_1""}","{""ImportId"":""QID1_26""}","{""ImportId"":""QID1_27""}","{""ImportId"":""QID1_28""}","{""ImportId"":""QID1_29""}","{""ImportId"":""QID1_30""}","{""ImportId"":""QID1_31""}","{""ImportId"":""QID1_32""}","{""ImportId"":""QID1_33""}","{""ImportId"":""QID1_34""}","{""ImportId"":""QID17_5""}","{""ImportId"":""QID6_5""}","{""ImportId"":""QID18_5""}","{""ImportId"":""QID19_5""}","{""ImportId"":""QID20_5""}","{""ImportId"":""QID21_1""}","{""ImportId"":""QID21_26""}","{""ImportId"":""QID21_27""}","{""ImportId"":""QID21_28""}","{""ImportId"":""QID21_29""}","{""ImportId"":""QID21_30""}","{""ImportId"":""QID21_31""}","{""ImportId"":""QID21_32""}","{""ImportId"":""QID21_33""}","{""ImportId"":""QID21_34""}","{""ImportId"":""QID12""}","{""ImportId"":""QID13""}","{""ImportId"":""ID""}","{""ImportId"":""Nonsocial_Count""}","{""ImportId"":""Nonsocial_Needed""}","{""ImportId"":""Nosocial_Field""}","{""ImportId"":""Social_Count""}","{""ImportId"":""Social_Needed""}","{""ImportId"":""Social_Field""}"
2023-12-13 19:29:27,2023-12-13 19:44:29,IP Address,71.249.102.59,100,901,True,2023-12-13 19:44:30,R_1NItoUku0Yvgl9f,,,,,40.5832,-73.6594,anonymous,EN,,Surfing in Long Beach on a warm day,"Snowboarding in Vermont after a snowstorm ",Sketching in my sketchbook in front of a fire,Wakeboarding in Freeport bay on a warm day in the summer,Playing video games on my PS5 while drinking a cider,Journaling while watching TV,Meditating on my meditation pillow with incense burning,Playing fetch with my dog on the beach,Longboarding on the Long Beach boardwalk during sunset,Running on the treadmill while watching the Kardashians,95,80,60,90,30,Snowboarding with my college friends,Going on a boat ride with my family in the summer,Rowing in a woman’s boat with 8 of my close friends,Going to Coney Island with my family to ride the Cyclone,"Going to a baseball game on a cool summers day with my girlfriend ","Dressing up and going on a nice dinner date with my girlfriend ",Taking a weekend trip to the Poconos with my high school friends,Swimming and boating with my family in Austria,"Going for a ride on Ocean Parkway with my dad in the convertible ",Going to a concert with my girlfriend,,,,,25-,25-,,25-,25-
2023-12-18 08:58:56,2023-12-18 09:07:36,IP Address,68.194.105.29,100,520,True,2023-12-18 09:07:37,R_6L04k0fTbxsvq93,,,,,40.6679,-74.1178,anonymous,EN,,Going for a walk on a crisp fall morning,Re-watching comfort shows in my bedroom snuggling with my two cats,Playing guitar in my bedroom with the lights dimmed,Reading a novel before bed,Going to record stores to find good deals on vintage vinyl,Going thrift shopping on a rainy day,"Doing fun coding tutorials ",Painting on a canvas with an album i've never heard before playing in the background,Going to the gym to run and lift weights on a weekday evening,Watching a video essay with a good meal,82,87,40,91,93,Going to concerts to see favorite artists with friends,Running errands and a coffee run with my roommates,Watching funny videos with friends on my living room couch with takeout,Jamming with my band on a weekend afternoon,"Trying out new restaurants with friends on a spontaneous trip to the city ",Watching TV and ordering takeout with my family on a Sunday evening,Having a paint and wine night with my roommates on a Friday night,"Playing Mario Party with my housemates on a weekend night ",Going to the beach with friends on a sunny day,Going for a nighttime drive blasting music with my best friend,,,,,25-,25-,,25-,25-
2024-01-10 14:32:28,2024-01-10 20:01:27,IP Address,104.148.224.69,100,19738,True,2024-01-10 20:01:28,R_6ClYn10VjLvtj3V,,,,,40.7424,-74.0325,anonymous,EN,,"I enjoy going to the movie theater on Tuesdays ",I enjoy walking around the city withhold listening to music,I enjoy playing video games at home,"I enjoy watching tv shows on my couch ","I enjoy going to get a massage on days I want to feel relaxed ","I enjoy making YouTube videos on my spare time ",I enjoy going to the pier and watching the city skyline while drinking bubble tea,I enjoy reading comic books,"I enjoy researching mods for games ",I enjoy looking at memes,50,60,50,50,75,"My family and I like to go traveling ",My friends and I like to go bowling every now and then,"My friends and I like to go hiking ","My friends and I like to go for a drive and listen to music ","My friends and I like to hang out play video games on the couch ",My friends and I like to go out drinking at bars for the holidays,"My friends and I like to  go to the movies ","My cousin and I like to go out and play basketball ","My friends and I like to watch tv together ","My friends and I like to go on trips to get away and hang out ",,,wtp105,,25-,25-,,25-,25-
2024-01-11 07:17:27,2024-01-11 07:28:55,IP Address,72.90.241.126,100,687,True,2024-01-11 07:28:56,R_5PvnrJghpQ3ZRIm,,,,,40.793,-74.0247,anonymous,EN,,"When I’m alone, I like to play video games for hours. ","When I’m alone, I tend to watch videos on YouTube. ","I sometimes smoke and read if I know I have nothing to do for some time. ","I like to watch cooking videos to better my craft. ","Comedy videos help pass the time. ","I like going out for drives if there’s nothing else for me to do. ","I like to sleep in sometimes to catch up on rest. ","I like going for walks to check out some stores I’ve never been to before. ","I like playing with my cat and hanging out with my cat. ","I I like to stuff my face with food and watch a movie if I have the time to do so. ",29,40,1,80,21,"My family and I only spend time during holidays when we are eating and talking. ","My friends and I would smoke and play video games. ","My friends and I would go get food and have a discussion about anything random that pops up. ","My girlfriend and I most of the time would make food and watch videos or movies that make us laugh. ","My co-workers and I would look forward to Christmas outings where we play board games and eat. ","My friends and I would go for walks to check out local bakery spots. ","My partner and I would check out some new movies to watch. ",My family and I would get together every Saturday for a dinner,"Every Sunday my family and I would watch football. ","Every year my friends and I make bets on local sports games. ",,,wtp106,,25-,25-,,25-,25-
2024-01-24 13:32:51,2024-01-24 13:53:16,IP Address,108.29.116.79,100,1224,True,2024-01-24 13:53:17,R_7RgDzX32utOJz9D,,,,,40.8518,-73.8705,anonymous,EN,,"On my free time I like to rush to my room and complete missions on a game Ive been urging to play. The room feels cool, but if it's ever cold its not much of a problem if im enjoying what im doing.",I like visiting the gym towards the evening and getting my daily movement goals out of the way.,On a weekly basis I walk to one of my favorite local restuarants to treat myself to tasty food,"Whenever there is a weekly pisode or movie I want to watch, I always prepare spicy snacks and some chocolate to eat while watching in my room.",On a daily basis I play the Suika game whenever I want to mentally cool off in my room.,On a monthly basis I try to find a nice drawing of one of my favorite fictional characters to draw on an evening in my room,on a weekly basis i sit in my warm and spacious living room to try to finish a book I wanted to read,On a daily basis I watch youtube videos of my subscribed channel wherever I am at home almost any time of day.,On weekends I try to play competitive games of valorant whenever im not feeling tense and my room feels cooler than usual,On a daily basis I walk around my neighborhood to unwind and take in vitamin D during early afternoons (unless its raining),73,100,67,98,99,At least once I month I try to make plans with friends to see random attractions to take photos and talk,My friends like watching random youtube videos on discord on random evenings,I love having watch parties for movies or games with my friends on discord evenings,"Whenever the occasion rises, my friends book tickets to see a movie we have been looking forward to watch","During evenings, I sometimes have a gym buddy to work with me in the gym","On vacations, regardless of the seasons, I try to make plans with my mom to see attractions in New York City",On fridays I might watch a movie in the living room with my mom,I enjoy having long converations about life and serious topics through the phone with one or more friends whenever we feel like it,"Whenever the occasion arises, we try a new restaurant most friends haven't tried and have been recommended",During weekends i like talking to my grandparents and aunts and uncles through the phone,,,wtp108,,25-,25-,,25-,25-
2024-01-29 13:48:12,2024-01-29 14:01:33,IP Address,96.250.221.194,100,801,True,2024-01-29 14:01:34,R_3k3Vq6N4NItbU1H,,,,,40.5978,-74.0001,anonymous,EN,,Playing video games in my room or on the TV in the living room,"Going on a walk around the neighborhood when the weather is pleasant, either Fall, Summer or Spring","Practicing piano, especially later at night with headphones on to not disturb anyone, usually some piece from a game or show or movie I enjoy","Cooking, whether just for myself for breakfast or for other people in the household","Sitting in bed watching YouTube videos on my phone or laptop, especially when it's cold out and I can be in a blanket",Organizing the room a little if my wife is gone for some time and there's a mess,"Making some tea or coffee for myself in the middle of the day, especially while I'm home and it's a little chilly","Diving into rabbit holes about a certain topic; recently, this has been the history of independent schools in the US. Usually I do this in bed when feeling unproductive","About once every few months, I enjoy taking some time to cleanse my email inbox of spam and other things I do not want to be subscribed to","After long days at work, I sometimes look forward to trying some new food at a restaurant by myself",30,100,50,100,90,I enjoy watching funny TV shows or movies with friends about once a month on weekend evenings/nights,"I love playing online video games with friends together, usually on weekends but also evenings when possible","My wife and I frequently go out and try new restaurants whenever both of our schedules align, about once a week/2 weeks",My friend will take us on road trips in the nearby area with my family no matter the weather or season,"In the morning on weekends, when both me and my wife are home, we like to cook meals together, usually something new","Me and my sister do laundry every other weekend together, giving us some time to bond one-on-one and play mobile games while we wait for the laundry","At work, I enjoy having lunch with my co-workers if our schedules align","My wife, sister and I often spend our dinners watching TV together, whether a show or a movie ","When it's raining, I love to have hot meals together as a family","Some summers, me and my family travel to Bangladesh to visit the rest of our family there",,,wtp109,,25-,25-,,25-,25-
2024-02-06 19:12:20,2024-02-06 19:40:07,IP Address,68.174.208.138,100,1666,True,2024-02-06 19:40:07,R_5NfchrDQb1K0Mse,,,,,40.5468,-74.1804,anonymous,EN,,"On a strict daily basis, I enjoy doing calisthenics at home.","On a weekly basis, I enjoy playing single-player games.",Watching youtube videos after completing a large quantity of studying/work brings me joy.,Reading novels before bed every night brings me joy and allows me to fall asleep faster.,Listening to podcasts during my commute is something I look forward to every morning.,"I enjoy listening to classical music as I do homework and study, as it brings me a sense of calm and focus.","I love going to different pastry shops to try their desserts. I am particularly fond of tiramisu, as I get it at every pastry shop I go to.","On rainy days, I enjoy baking a variety of cookies and muffins.","Every morning, I love to learn classical pieces on piano. My favorite piece to play is Humoresque by Dvorak.",I enjoy building PCs in my free time. I do so about once a year in my basement.,40,60,35,1,5,I love playing multiplayer games with friends on a daily basis.,My friends and I enjoy going to hotpot restaurants every month.,"I enjoy playing sports, especially soccer and football, with friends on weekends.",I love exploring the city with friends whenever we have free time.,"Every day, my friends and I enjoy lunch together, where we can catch up with one another and talk about schoolwork.",My cousins and I enjoy going to live performances a few times a year,I enjoy studying with friends after class. We find it much more enjoyable and productive when we are together.,My friends and I love watching horror movies very late at night.,"Every Wednesday, my lab meets for food to foster connections and friendship among the different people in the lab.","Every few months, I go shopping with a small group of friends that study abroad.",,,wtp110,,25-,25-,,25-,25-
2024-02-09 18:58:08,2024-02-09 19:29:56,IP Address,100.12.239.241,100,1907,True,2024-02-09 19:29:57,R_6xxdQhWJCHYXJmj,,,,,40.7706,-73.9283,anonymous,EN,,"On a day where I have nothing planned, I would be sleeping the whole day. Won't even get up to eat or drink.","I am a bookworm. I can spend the whole day lying in bed just reading books. Romance are my guilty pleasure. ",I like to listen to music. Always have it on when I am in my room. I also have it on while I slept as well. I listen to various genres but slow melody songs are my favourite.,"Everytime I go out, I make an effort to dress up and look the best I can be. I feel that my appearance is like my armor and I feel self-assured and confident when I look the best I can be.","Once in a few days, I would suddenly be inspire to cook or bake the whole day. The next day, I would become lazy and not want to move an inch.","Once a week, I spend the whole day doing house chores. Meaning laundry, cleaning and organizing my wardrobe, etc.",I like to eat while watching movies. It's a need at this point. It's like I had condition myself to eat when I am watching something that is over 1hr long.,"If there are events in the city, I just go alone and enjoy it. Look what they have to offer and just experience the moment.","I prefer reading over watching so most often if there's something I want to know or a popular movie I heard about, I would look up and read about it.","I like to be very hands-on the trends. I like looking for great deals and interesting events. Somedays, I just spend hours online window-shopping.",75,90,30,95,100,"My best friend and I like to FaceTime every night. We will just have it on and do our own things. Just enjoying the silence or my music together. ","Once in a while, I invite my best friend to come hangout and we will spend the day cooking and baking. I usually do the work and she just watch me.","I enjoy going out and having brunch on the weekends with my best friend. She would find new places for us to try. ",My favourite past Sunday nights was to have a game night with my cousins. We do it via video call. It's very fun.,"Once in a while, I would catch up with my long distance friends and talk for hours on the phone.","Almost every night, I FaceTime with my family back home and be there in the moment. Like just watching or catching up. ","My sisters FaceTime me to show our dogs to me. I like to call it ""The Feeding Time"" because it's often chaotic and usually end up in a mess.","I like to go to events around the city to just meet new people and socialize with them. Most of the time, we end up exchanging contact details and become friends.","Whenever I have some positive feelings, I like to share it to as many people as I can. I would call them up and share my joy with them.",My cousin brother and I like to spend just hanging out with his dog at my aunt house. We often eat out and just spend the day lounging on the sofa.,,,wtp113,,25-,25-,,25-,25-
2024-02-16 19:58:07,2024-02-16 20:43:08,IP Address,74.90.53.149,100,2701,True,2024-02-16 20:43:09,R_30HnyA9IckbvyLC,,,,,41.1519,-73.5071,anonymous,EN,,"On a grey rainy day where the cool air seeps indoors and the loud heavy rain drowns out all noise, I enjoy staying in my bed and taking a nap. ",I enjoy taking a nice warm bubbly bath with a face mask in dim light on after a long day of work when my mental and physical limit has been reached.,I really like being completely absorbed in a book where I ignore the passing of time to dedicate my entire attention to being immersed in the story on a quiet afternoon.,cooking my favorite spaghetti dish bi weekly when I have been craving it for a few days and enjoying every bite after following each step of the recipe in anticipation of the finished product.,I love rewatching some of my favourite shows like Avatar the last airbender or the good place once a year to allow myself to forget and rediscover why I enjoy the shows and it's message.,I like having free time to play new games and progressively get better at them to eventually add to my catalogue of games I've enjoyed playing. This is even more so for games I have been waiting to be released for a few months already.,Putting effort every other day to go to the gym always feels fun and rewarding because I get closer to realising my fitness goals while simultaneously experience growth in my strength as a skinny person.,"Entering a zen mindfulness zone while doing a puzzle, building some lego or crocheting to enjoy the finished product as a decoration for my room really calms me down and centers me.",I like to sketch and draw when an idea comes to my mind by combining lots of references to create the image in my head. The latest example of this is a couple dozing off on a solitary park bench in the spring on a late afternoon.,Buying clothes and putting together new outfits while getting inspiration from social media makes me confident to step outside and is a great creative outlet for myself.,60,100,35,100,85,"I like being on call with my old school friends late at night to chat and catch up after a long time apart. ",I like bothering my sister for her opinion on fashion as we spend a nice sunny day out to shop for cosmetics and clothes on the weekend.,Playing games and getting super into it with my friends is always fun whenever we are free to relax and chill.,I like eating out with my family for dinner where we can all enjoy good food and good company on weekend nights.,Watching a great show with my mom is a really nice way we bond over common interests in the day time. the latests show we watched was a reality show called physical 100.,"Talking to my dad while we commute to and from school and work respectively is the best bonding time personally because I get to receive valuable wisdom, thoughts on certain matters and interesting stories from his past.",Spending time with my girlfriend at our favourite park bench in the quiet calmness of an afternoon is my favourite quality time together just enjoying her company.,Going bowling with my classmates gets really competitive and fun during our school breaks.,"Every birthday my Dad and I go to buy a new fragrance as a birthday gift and I love how its become our personal tradition where the atmosphere feels very relaxed, enjoyable and at ease.","Driving a long distance to visit my extended family with my immediate family every year when we can always brings about a feeling of closeness between me and my family where it seems like we grow more apart as we grow older. ",,,wtp112,,25-,25-,,25-,25-
2024-03-06 21:55:52,2024-03-06 22:24:03,IP Address,108.29.135.87,100,1690,True,2024-03-06 22:24:03,R_7Ibck8JHB6OlvSP,,,,,40.7041,-73.6184,anonymous,EN,,"I love to stare at my bedroom wall for about 30 minutes on a gloomy Wednesday afternoon (this is not a joke, I enjoy it).",I love to go into the living room in between classes and chase my cat around and then let her chase me around.,I love to set up a little art table in my room and make modifications to my art journal while manic.,I love to watch obscure videos on YouTube while I'm eating and save them to my playlists.,I love drinking earl grey and staring out the window like a Home Depot dad (ponderous).,"I love to play animal crossing and pretend that my character is in love with the ""coach"" character.",I love to listen to my saved audios on TikTok and maladaptive daydream about my favorite things.,I love to watch energy cleansing asmr videos while I go to sleep.,I love to roll around in my satin sheets completely naked after a very hot shower.,I love to read on my phone and eat spicy chips simultaneously.,100,100,28,100,100,I love watching whatever interests of the friend I'm with.,I love playing just dance with my significant other.,I love to call both of my siblings (sometimes simultaneously) and talk for 30+ minutes.,I love to call my best friend and get her run down of college life (she lives in Chicago).,I love to smell my significant other.,I love going to educational lectures with my significant other and discussing what we liked and learned after.,I love going to mentoring future psychologists (MFP) meetings with my mentor and talking about everything that happened in a week.,I love sitting in my significant other's passenger seat while listening to her music.,I slightly enjoy taking absurdly long walks at night with my coworker friend.,"I love calling my best friend and watching South Park together while we relate to the stupid things that happen, because it reminds me of my hometown.",,,wtp114,,25-,25-,,25-,25-
2024-03-15 19:54:02,2024-03-15 20:20:29,IP Address,158.222.178.14,100,1587,True,2024-03-15 20:20:30,R_7fBsttEVaSLOlSY,,,,,40.6208,-74.0426,anonymous,EN,,"I enjoy going to the Brooklyn Bridge Park on a sunny day and laying out a blanket to paint whatever comes to mind and have a snack like pineapple. ",I enjoy lighting a bakery scented candle and turning on a scary movie on a rainy day or night after a nice warm shower.,"I enjoy going exploring aesthetically pleasing libraries and studying for my classes or topics I'm interested in at the moment usually related to school like the philosophy of AI. ",I enjoy going out on a selfcare day alone like when I get my eyebrows and or nails done.,"I enjoy listening to music while shopping for clothes or sneakers alone. ",I enjoy visiting cafes for a good coffee or light meal followed by a study session or walk afterwards.,"I enjoy doing household chores alone when the house is empty like laundry, mopping, cleaning surfaces, etc.","I enjoy cooking in the kitchen alone while listening to music, which is usually hip-hop, R&B, or Hispanic music like reggaetón. ",I enjoy baking sweets late a night like chocolate chip cookies and brownies. (I love chocolate!),"I enjoy playing sims 4 on my computer when it's an ugly day out and I have no other obligations to do for the day. ",100,90,50,40,90,"My cousin and I like to go on coffee runs on Friday mornings, usually Dunkin or Starbucks. ","My sister and I like to catch up on the phone with a long conversation or over a nice brunch/dinner if we're both free. ",My friends and I love to go find new food places to try in the city.,I enjoy listening to my brothers speak about their day and how works been going. (They work in construction and take interest in engineering),"My friends and I like to hang out at my house on rainy days and order pizza and watch movies. ","My cousin and I have deep conversations on philosophy and life experiences at least 3 times a week. ","My friends and I attend social events all together when we can, wheather school related or a party. ","My friends and I like to go to museums and take cute photos together.  ",My one friend and I enjoy renting Citi bikes and biking through the Brooklyn Bridge Park and or Prospect Park on the weekend when the weather is not too hot and not too cold and close to sundown.,"My sister and I like to have a girl's day on Saturdays where we go shopping at the mall, get our nails done, and have lunch or make dinner at her house. ",,,wtp115,,25-,25-,,25-,25-
2024-03-17 16:16:48,2024-03-17 16:33:27,IP Address,24.146.225.255,100,999,True,2024-03-17 16:33:28,R_23hn1ttulm5pqJH,,,,,40.8731,-73.8726,anonymous,EN,,"On a rainy day in my bedroom, I like to draw on my tablet",I like to listen to music while I draw,I like to watch funny youtube videos,I often go to the gym and workout,I sometimes like to sit down at my piano and play or practice a tune,I very often like to daydream about project I could be doing,I like to watch videos about animation or game development,When I sleep I like to listen to historical documentaries,I also like to watch streamers play my favorite games online,I also try to start working on game development projects myself,50,30,10,90,90,I like going out to eat at diners with my dad,I would enjoy playing video games online with my friends,I also like watching movies or anime while doing silly commentary with my friends,I also like to plan out and do game development projects with my friends online,I enjoy going out with my dad for a drive every week,I occasionally enjoy playing board games with my friends at college on fridays,On tuesdays i occassionally go to the sci fi club and play video games,Sometimes I enjoy talking to strangers online in video games or on social media(discord),I occasionally like to talk to the members at my gym while i workout,I sometimes talk to my aunt on the phone about my recent life,,,wtp116,,25-,25-,,25-,25-
2024-03-22 15:54:37,2024-03-22 16:00:52,IP Address,173.77.208.248,100,374,True,2024-03-22 16:00:53,R_5o0WohbOrq1OdSR,,,,,40.8518,-73.8705,anonymous,EN,,I enjoying going to the gym and work out,"Shoping for clothes is something I enjoy as well. ","Traveling to a different country. ","Making sure all my assignments for school are commpleted ",Volunteering for a local pantry during my free time,"Playing soccer with my brother. ",Going out with friends to the city,Trying new foods at different places across NYC,Driving upstate and escape the city,"Visiting museums ",87,74,45,89,71,Going to watch a movie,"Going shopping with friends ",working out with my gym friends,Getting coffe with my college friend,Going to a concert with friends,Seeing a brodway show with my partner,Visiting my boyfriend at his college.,"Going out to eat with my parents ",going to church with my family,"spending movie nights with my boyfriend ",,,wtp117,,25-,25-,,25-,25-
2024-03-26 09:59:37,2024-03-26 10:09:18,IP Address,146.111.200.250,100,581,True,2024-03-26 10:09:19,R_8WdRlAx6aL0hFEl,,,,,40.8231,-73.9513,anonymous,EN,,Going to the gym to work out,Shopping for clothes,Traveling to a different country,Making sure all my assignments for school are completed,Volunteering for a local pantry during my free time,Trying new foods at different places across NYC,Driving upstate and escape the city,Visiting museums,Drawing paintings,Watching Netflix shows by myself,1,1,1,1,1,Playing soccer with my brother,Going out with friends to the city,Working out with my gym friends,Getting coffee with my college friend,Going to a concert with friends,Seeing a broadway show with my partner,Visiting my boyfriend at his college,Going out to eat with my parents,Going to church with my family,Spending movie nights with my boyfriend,,,wtp117_4,,25-,25-,,25-,25-
2024-03-27 20:33:25,2024-03-27 20:48:26,IP Address,72.69.180.180,100,900,True,2024-03-27 20:48:27,R_77qgeLbSAj9nLdD,,,,,40.7279,-73.5118,anonymous,EN,,"I enjoy sleeping in during a rainy day, especially if there is a heavy storm outside","I enjoy rewatching my favorite movies and TV shows, I am currently rewatching Demon Slayer",I love to go thrift shopping and enjoy finding an article of clothing and putting together new outfits,"I'd like to get better at baking, but I enjoy making tiramisu a lot.","On sunny days, I love to sit outside on the Flagpole Lawn or anywhere on campus and just sit and try to keep my mind clear of any thoughts",I greatly enjoy going on late-night drives to and around Long Beach,"I like to watch cooking videos, specially the Buzzfeed style videos with short, sped up sequences",I have been obsessed with playing sudoku these past few months,I am a big fan of geography and love to play an online game where the players name every country in the world under 15 minutes,I look forward to finishing a book I borrowed from my professor a year ago,12,100,31,100,60,One of my best friends and I love to go on a roadtrip to visit our best friend every year,"I enjoy going shopping with my friends, especially if it's clothes or stationary","I love to go see new movies with my friends, especially of celebrities we all like",I look forward to going to concerts and music festivals with my friends,I love going into NYC and hanging around with my friends,I love trying different cuisines with my best friend,I enjoy staying in at home with my mom and doing chores together,I love getting coffee with my Adelphi friend every week,I look forward to my weekly lab meetings and discussing various things with my lab mates and professors,I enjoy my wednesday class and look forward to learning new things about immunology,,,wtp118,,25-,25-,,25-,25-
2024-04-17 23:11:48,2024-04-17 23:30:28,IP Address,47.16.143.4,100,1119,True,2024-04-17 23:30:28,R_5G1x65rZvRlyUpj,,,,,40.6446,-73.9743,anonymous,EN,,"On the weekends or holidays I like to go to the library, if I can, to get some work done.","After work, I pass time by binge watching youtube videos and Netflix. ","When I am feeling overwhelmed, I really enjoy taking a walk on a slightly windy day. ","I feel content sitting on a balcony or porch while watching the rain. ","I like to create scrapbooking collages when I see nice stationary and stickers. ","When I feel motivated, I read self help books and watch educational content for fun. ","I enjoy listening to music for hours when I feel overwhelmed or stressed. ","At night, sleeping closely next to my cat brings me joy. ","I feel at my best and motivated when I nap during the day and get things done during the night. ","When I feel inspired and my desk is clean, I like to paint while watching YouTube tutorials. ",30,82,53,30,33,"When I go over to my firend's house, we watch movies on Netflix together to pass time. ","In the afternoon, I like talking about businesses and technology with my coworker in a meeting room.","I enjoy going to amusement parks with a group of friends during long weekends. ","It's fun to try new restaurants with friends so theres something to talk about.  ","Meeting up at the library to do art with a friend is relaxing. ","In the morning and evening  when it's not rainy, I enjoy walking long distances while just talking to my friend. ","During three day weekends, I find it fun to go to music festivals with groups of people. ","When the deadline is a bit far, I like to do my tasks with a classmate on Zoom. ","On days with nice weather, I like volunteering at the animal shelter with other people. ","I like cooking new things from YouTube for my siblings. ",,,wtp119,,25-,25-,,25-,25-
2024-06-05 21:55:03,2024-06-05 22:06:46,IP Address,69.115.227.209,100,702,True,2024-06-05 22:06:47,R_1Or8FnZrSOiwrib,,,,,40.8343,-73.9235,anonymous,EN,,"In my free time, I really enjoy listening to music while being productive ","I enjoy watching different animes, the current one I am watching right now is called “Vinland Saga”",I also enjoy watching K-Dramas in my free time. I an currently watching “The 8 Show” on Netflix,"Sometimes, I will rewatch my favorite anime movie called “Maquia: When the Promised Flower Blooms”. I love this movie so much","On Mondays, I tend to look at tiktok to get ideas on what I can cook for that day since it is my cooking day",I enjoy dressing up in different dresses or skirts to see how they would look on me as well,"I also enjoy practicing my Hebrew. I take out my notebook and practice my script writing so that I can have it memorized and hopefully be able to read it easily someday ","I enjoy scrolling through pinterest to look at different pictures of locs, clothes, hairstyles, piercings, etc",Being able to go to the fragrance oil shops and smell all the different kindas of fragrances they possess and buying what I like is also enjoyable as well,The absolute best thing to do in my free time though is sleep,100,60,30,100,85,"I enjoy going to my boyfriends house and spending time with him for hours, whether it be sleeping or watching him make his jewelry, etc",I enjoy going to the parks with my sisters and cousins to hang out,I enjoy going to my grandmothers house and seeing her while also seeing some of my cousins and my aunt,I enjoy going to the movies or out to eat with my boyfriend,"I enjoy going out with a few of my cousins to go and eat at different places and just hang with each other ","I enjoy going to my religious congregation and seeing everybody, prasing God",I enjoy watching and recording my little cousins’ drumming sessions,I enjoy making tiktoks with my little sister,I enjoy cracking jokes and being sarcastic with my boyfriends brother and mother,I enjoy when all of my family is together and we are able to have a good time,,,wtp120,,25-,25-,,25-,25-
2024-06-05 21:19:39,2024-06-05 21:27:03,IP Address,69.115.227.209,33,443,False,2024-06-12 21:27:05,R_6fCbOodCn024xqY,,,,,,,anonymous,EN,,"In my free time, I really enjoy listening to music while cleaning around the house",Watching different animes on netflix when I am feeling bored,I also enjoy watching k-dramas. One I am currently watching is titled “The 8 Show” it is very good,Another thing I enjoy during my free time is practicing my hebrew. I enjoy writing my script so that I can memorize it,"I enjoy watching my favorite anime movie from time to time as well, titled “Maquia: When the Promised Flower Blooms”. I love that movie so much",I also enjoy dressing up and trying on different skirts and dresses to see how they look on me,"Sometimes, I would look on tiktok or pinterest to see what hairstyles would look good on me","On Mondays, I would try to get ideas from tiktok to see what I can cook since that day is my cooking day","I enjoy scrolling through pinterest to look at different pictures of locs, or piercings, or clothes, etc","Lastly, I LOVE sleeping. ",,,,,,,,,,,,,,,,,,wtp119,,,,,,
